ETref,ETc,ETcadj,E,T,DP,K,Rain,Runoff,Irrig,IrrLoss,Gross_Irrig,Num_Irrig,Mean_Irrig,Dr_ini,Dr_end,Veff_ini,Veff_end,Year
603.3275421869049,668.2144276059574,658.3314510836849,359.1508918851124,299.1805591985725,629.5112988735045,7.773254955189065,613.709955072,0.0,743.0639178670522,0.0,965.9830932271678,33,22.517088420213707,0.0,16.6518770181373,41.91580000000001,56.99092298186271,2018
