ETref,ETc,ETcadj,E,T,DP,K,Rain,Runoff,Irrig,IrrLoss,Gross_Irrig,Num_Irrig,Mean_Irrig,Dr_ini,Dr_end,Veff_ini,Veff_end,Year
755.2062735682609,693.0056484192284,597.0623197719789,41.079048796730135,555.9832709752487,0.0,0.0,21.96999936,0.0,478.1135811953599,0.0,621.5476555539677,5,95.62271623907196,0.0,133.46653921661908,0,0,2017
